part_number,assembly_path,object_name,label,quantity,material_code,material_description,material_standard,estimated_mass_kg,volume_mm3,design_status
01-001,01_Infraestrutura/01_Infraestrutura,Piso_Estrutural_Continuo,Piso estrutural sob a escada,1,CONCRETE_DARK,Concreto estrutural,Concreto estrutural; classe a confirmar,19783.632,8243180000.0,PRELIMINAR - geometria e material sujeitos a verificacao de engenharia
01-002,01_Infraestrutura/01_Infraestrutura,Patamar_Estrutural_Inferior,Patamar estrutural inferior,1,CONCRETE_DARK,Concreto estrutural,Concreto estrutural; classe a confirmar,1362.768,567820000.0,PRELIMINAR - geometria e material sujeitos a verificacao de engenharia
01-003,01_Infraestrutura/01_Infraestrutura,Patamar_Estrutural_Superior,Patamar estrutural superior,1,CONCRETE_DARK,Concreto estrutural,Concreto estrutural; classe a confirmar,1362.768,567820000.0,PRELIMINAR - geometria e material sujeitos a verificacao de engenharia
02-001,02_Escadaria/02_Escadaria,Escadaria_Alinhada,Escadaria alinhada ao vao,1,CONCRETE,Concreto aparente,Concreto estrutural; classe a confirmar,17863.213043,7443005434.783,PRELIMINAR - geometria e material sujeitos a verificacao de engenharia
02-002,02_Escadaria/02_Escadaria,Guias_Laterais,Guias Laterais,1,CONCRETE_DARK,Concreto estrutural,Concreto estrutural; classe a confirmar,1174.385896,489327456.822,PRELIMINAR - geometria e material sujeitos a verificacao de engenharia
02-003,02_Escadaria/02_Escadaria,Guarda_Corpo_Escada,Guarda Corpo Escada,1,GALVANIZED,Aco galvanizado,Aco carbono galvanizado; grau e camada a confirmar,1422.084113,181157211.888,PRELIMINAR - geometria e material sujeitos a verificacao de engenharia
03-111,03_Estacoes/03_Estacoes,Bumpers_Eixo,Bumpers Eixo,1,GALVANIZED,Aco galvanizado,Aco carbono galvanizado; grau e camada a confirmar,3.835357,488580.489,PRELIMINAR - geometria e material sujeitos a verificacao de engenharia
03-112,03_Estacoes/03_Estacoes,Bumpers_Suporte,Bumpers Suporte,1,STEEL_DARK,Aco carbono,Aco carbono; ASTM A36 como hipotese preliminar,21.1008,2688000.0,PRELIMINAR - geometria e material sujeitos a verificacao de engenharia
03-113,03_Estacoes/03_Estacoes,Bumper_Borracha_01,Bumper Borracha 01,1,RUBBER,Borracha reciclada,Borracha industrial; dureza e composto a confirmar,2.954723,2686111.534,PRELIMINAR - geometria e material sujeitos a verificacao de engenharia
03-114,03_Estacoes/03_Estacoes,Bumper_Borracha_02,Bumper Borracha 02,1,RUBBER,Borracha reciclada,Borracha industrial; dureza e composto a confirmar,2.954723,2686111.534,PRELIMINAR - geometria e material sujeitos a verificacao de engenharia
03-115,03_Estacoes/03_Estacoes,Bumper_Borracha_03,Bumper Borracha 03,1,RUBBER,Borracha reciclada,Borracha industrial; dureza e composto a confirmar,2.954723,2686111.534,PRELIMINAR - geometria e material sujeitos a verificacao de engenharia
03-001,03_Estacoes/Estacao_Inferior_Montagem,Estacao_Inferior_Mastro_Esq,Estacao Inferior mastro Esq,1,STEEL_BLUE,Aco galvanizado pintado,"Tubo AISC 63,5 x 38,1 x 3,175 mm; aco-base a confirmar",18.137262,2310479.25,PRELIMINAR - geometria e material sujeitos a verificacao de engenharia
03-002,03_Estacoes/Estacao_Inferior_Montagem,Estacao_Inferior_Placa_Base_Esq,Estacao Inferior Placa Base Esq,1,GALVANIZED,Aco galvanizado,Aco carbono galvanizado; grau e camada a confirmar,16.33428,2080800.0,PRELIMINAR - geometria e material sujeitos a verificacao de engenharia
03-003,03_Estacoes/Estacao_Inferior_Montagem,Estacao_Inferior_Chumbador_Esq_MM,Estacao Inferior Chumbador Esq MM,1,STEEL_DARK,Aco carbono,Aco carbono; ASTM A36 como hipotese preliminar,0.244543,31152.033,PRELIMINAR - geometria e material sujeitos a verificacao de engenharia
03-004,03_Estacoes/Estacao_Inferior_Montagem,Estacao_Inferior_Chumbador_Esq_MP,Estacao Inferior Chumbador Esq MP,1,STEEL_DARK,Aco carbono,Aco carbono; ASTM A36 como hipotese preliminar,0.244543,31152.033,PRELIMINAR - geometria e material sujeitos a verificacao de engenharia
03-005,03_Estacoes/Estacao_Inferior_Montagem,Estacao_Inferior_Chumbador_Esq_PM,Estacao Inferior Chumbador Esq PM,1,STEEL_DARK,Aco carbono,Aco carbono; ASTM A36 como hipotese preliminar,0.244543,31152.033,PRELIMINAR - geometria e material sujeitos a verificacao de engenharia
03-006,03_Estacoes/Estacao_Inferior_Montagem,Estacao_Inferior_Chumbador_Esq_PP,Estacao Inferior Chumbador Esq PP,1,STEEL_DARK,Aco carbono,Aco carbono; ASTM A36 como hipotese preliminar,0.244543,31152.033,PRELIMINAR - geometria e material sujeitos a verificacao de engenharia
03-007,03_Estacoes/Estacao_Inferior_Montagem,Estacao_Inferior_Diagonal_Esq,Estacao Inferior Diagonal Esq,1,STEEL_BLUE,Aco galvanizado pintado,"Tubo AISC 63,5 x 38,1 x 3,175 mm; aco-base a confirmar",12.116007,1543440.369,PRELIMINAR - geometria e material sujeitos a verificacao de engenharia
03-008,03_Estacoes/Estacao_Inferior_Montagem,Estacao_Inferior_Placa_Diagonal_Esq,Estacao Inferior Placa Diagonal Esq,1,GALVANIZED,Aco galvanizado,Aco carbono galvanizado; grau e camada a confirmar,9.84704,1254400.0,PRELIMINAR - geometria e material sujeitos a verificacao de engenharia
03-009,03_Estacoes/Estacao_Inferior_Montagem,Estacao_Inferior_Mastro_Dir,Estacao Inferior mastro Dir,1,STEEL_BLUE,Aco galvanizado pintado,"Tubo AISC 63,5 x 38,1 x 3,175 mm; aco-base a confirmar",18.137262,2310479.25,PRELIMINAR - geometria e material sujeitos a verificacao de engenharia
03-010,03_Estacoes/Estacao_Inferior_Montagem,Estacao_Inferior_Placa_Base_Dir,Estacao Inferior Placa Base Dir,1,GALVANIZED,Aco galvanizado,Aco carbono galvanizado; grau e camada a confirmar,16.33428,2080800.0,PRELIMINAR - geometria e material sujeitos a verificacao de engenharia
03-011,03_Estacoes/Estacao_Inferior_Montagem,Estacao_Inferior_Chumbador_Dir_MM,Estacao Inferior Chumbador Dir MM,1,STEEL_DARK,Aco carbono,Aco carbono; ASTM A36 como hipotese preliminar,0.244543,31152.033,PRELIMINAR - geometria e material sujeitos a verificacao de engenharia
03-012,03_Estacoes/Estacao_Inferior_Montagem,Estacao_Inferior_Chumbador_Dir_MP,Estacao Inferior Chumbador Dir MP,1,STEEL_DARK,Aco carbono,Aco carbono; ASTM A36 como hipotese preliminar,0.244543,31152.033,PRELIMINAR - geometria e material sujeitos a verificacao de engenharia
03-013,03_Estacoes/Estacao_Inferior_Montagem,Estacao_Inferior_Chumbador_Dir_PM,Estacao Inferior Chumbador Dir PM,1,STEEL_DARK,Aco carbono,Aco carbono; ASTM A36 como hipotese preliminar,0.244543,31152.033,PRELIMINAR - geometria e material sujeitos a verificacao de engenharia
03-014,03_Estacoes/Estacao_Inferior_Montagem,Estacao_Inferior_Chumbador_Dir_PP,Estacao Inferior Chumbador Dir PP,1,STEEL_DARK,Aco carbono,Aco carbono; ASTM A36 como hipotese preliminar,0.244543,31152.033,PRELIMINAR - geometria e material sujeitos a verificacao de engenharia
03-015,03_Estacoes/Estacao_Inferior_Montagem,Estacao_Inferior_Diagonal_Dir,Estacao Inferior Diagonal Dir,1,STEEL_BLUE,Aco galvanizado pintado,"Tubo AISC 63,5 x 38,1 x 3,175 mm; aco-base a confirmar",12.116007,1543440.369,PRELIMINAR - geometria e material sujeitos a verificacao de engenharia
03-016,03_Estacoes/Estacao_Inferior_Montagem,Estacao_Inferior_Placa_Diagonal_Dir,Estacao Inferior Placa Diagonal Dir,1,GALVANIZED,Aco galvanizado,Aco carbono galvanizado; grau e camada a confirmar,9.84704,1254400.0,PRELIMINAR - geometria e material sujeitos a verificacao de engenharia
03-017,03_Estacoes/Estacao_Inferior_Montagem,Estacao_Inferior_Travessa_Cabos,Estacao Inferior Travessa Cabos,1,STEEL_BLUE,Aco galvanizado pintado,"Tubo AISC 63,5 x 38,1 x 3,175 mm; aco-base a confirmar",23.632268,3010480.0,PRELIMINAR - geometria e material sujeitos a verificacao de engenharia
03-018,03_Estacoes/Estacao_Inferior_Montagem,Estacao_Inferior_Sela_Esq_Aro_Canaletado,Estacao Inferior Sela Esq Aro Canaletado,1,GALVANIZED,Aco galvanizado,Aco carbono galvanizado; grau e camada a confirmar,3.629702,462382.389,PRELIMINAR - geometria e material sujeitos a verificacao de engenharia
03-019,03_Estacoes/Estacao_Inferior_Montagem,Estacao_Inferior_Sela_Esq_Cubo,Estacao Inferior Sela Esq Cubo,1,GALVANIZED,Aco galvanizado,Aco carbono galvanizado; grau e camada a confirmar,0.212413,27059.025,PRELIMINAR - geometria e material sujeitos a verificacao de engenharia
03-020,03_Estacoes/Estacao_Inferior_Montagem,Estacao_Inferior_Sela_Esq_Rolamento_Esq,Estacao Inferior Sela Esq Rolamento Esq,1,GALVANIZED,Aco galvanizado,Aco carbono galvanizado; grau e camada a confirmar,0.014481,1844.671,PRELIMINAR - geometria e material sujeitos a verificacao de engenharia
03-021,03_Estacoes/Estacao_Inferior_Montagem,Estacao_Inferior_Sela_Esq_Rolamento_Dir,Estacao Inferior Sela Esq Rolamento Dir,1,GALVANIZED,Aco galvanizado,Aco carbono galvanizado; grau e camada a confirmar,0.014481,1844.671,PRELIMINAR - geometria e material sujeitos a verificacao de engenharia
03-022,03_Estacoes/Estacao_Inferior_Montagem,Estacao_Inferior_Sela_Esq_Eixo,Estacao Inferior Sela Esq Eixo,1,GALVANIZED,Aco galvanizado,Aco carbono galvanizado; grau e camada a confirmar,0.191413,24383.786,PRELIMINAR - geometria e material sujeitos a verificacao de engenharia
03-023,03_Estacoes/Estacao_Inferior_Montagem,Estacao_Inferior_Sela_Esq_Arruela_Esq,Estacao Inferior Sela Esq Arruela Esq,1,GALVANIZED,Aco galvanizado,Aco carbono galvanizado; grau e camada a confirmar,0.013932,1774.785,PRELIMINAR - geometria e material sujeitos a verificacao de engenharia
03-024,03_Estacoes/Estacao_Inferior_Montagem,Estacao_Inferior_Sela_Esq_Arruela_Dir,Estacao Inferior Sela Esq Arruela Dir,1,GALVANIZED,Aco galvanizado,Aco carbono galvanizado; grau e camada a confirmar,0.013932,1774.785,PRELIMINAR - geometria e material sujeitos a verificacao de engenharia
03-025,03_Estacoes/Estacao_Inferior_Montagem,Estacao_Inferior_Sela_Esq_Porca_Esq,Estacao Inferior Sela Esq Porca Esq,1,GALVANIZED,Aco galvanizado,Aco carbono galvanizado; grau e camada a confirmar,0.055318,7046.831,PRELIMINAR - geometria e material sujeitos a verificacao de engenharia
03-026,03_Estacoes/Estacao_Inferior_Montagem,Estacao_Inferior_Sela_Esq_Porca_Dir,Estacao Inferior Sela Esq Porca Dir,1,GALVANIZED,Aco galvanizado,Aco carbono galvanizado; grau e camada a confirmar,0.055318,7046.831,PRELIMINAR - geometria e material sujeitos a verificacao de engenharia
03-027,03_Estacoes/Estacao_Inferior_Montagem,Estacao_Inferior_Suporte_Sela_Esq,Estacao Inferior Suporte Sela Esq,1,STEEL_DARK,Aco carbono,Aco carbono; ASTM A36 como hipotese preliminar,2.1195,270000.0,PRELIMINAR - geometria e material sujeitos a verificacao de engenharia
03-028,03_Estacoes/Estacao_Inferior_Montagem,Estacao_Inferior_Sela_Dir_Aro_Canaletado,Estacao Inferior Sela Dir Aro Canaletado,1,GALVANIZED,Aco galvanizado,Aco carbono galvanizado; grau e camada a confirmar,3.629702,462382.389,PRELIMINAR - geometria e material sujeitos a verificacao de engenharia
03-029,03_Estacoes/Estacao_Inferior_Montagem,Estacao_Inferior_Sela_Dir_Cubo,Estacao Inferior Sela Dir Cubo,1,GALVANIZED,Aco galvanizado,Aco carbono galvanizado; grau e camada a confirmar,0.212413,27059.025,PRELIMINAR - geometria e material sujeitos a verificacao de engenharia
03-030,03_Estacoes/Estacao_Inferior_Montagem,Estacao_Inferior_Sela_Dir_Rolamento_Esq,Estacao Inferior Sela Dir Rolamento Esq,1,GALVANIZED,Aco galvanizado,Aco carbono galvanizado; grau e camada a confirmar,0.014481,1844.671,PRELIMINAR - geometria e material sujeitos a verificacao de engenharia
03-031,03_Estacoes/Estacao_Inferior_Montagem,Estacao_Inferior_Sela_Dir_Rolamento_Dir,Estacao Inferior Sela Dir Rolamento Dir,1,GALVANIZED,Aco galvanizado,Aco carbono galvanizado; grau e camada a confirmar,0.014481,1844.671,PRELIMINAR - geometria e material sujeitos a verificacao de engenharia
03-032,03_Estacoes/Estacao_Inferior_Montagem,Estacao_Inferior_Sela_Dir_Eixo,Estacao Inferior Sela Dir Eixo,1,GALVANIZED,Aco galvanizado,Aco carbono galvanizado; grau e camada a confirmar,0.191413,24383.786,PRELIMINAR - geometria e material sujeitos a verificacao de engenharia
03-033,03_Estacoes/Estacao_Inferior_Montagem,Estacao_Inferior_Sela_Dir_Arruela_Esq,Estacao Inferior Sela Dir Arruela Esq,1,GALVANIZED,Aco galvanizado,Aco carbono galvanizado; grau e camada a confirmar,0.013932,1774.785,PRELIMINAR - geometria e material sujeitos a verificacao de engenharia
03-034,03_Estacoes/Estacao_Inferior_Montagem,Estacao_Inferior_Sela_Dir_Arruela_Dir,Estacao Inferior Sela Dir Arruela Dir,1,GALVANIZED,Aco galvanizado,Aco carbono galvanizado; grau e camada a confirmar,0.013932,1774.785,PRELIMINAR - geometria e material sujeitos a verificacao de engenharia
03-035,03_Estacoes/Estacao_Inferior_Montagem,Estacao_Inferior_Sela_Dir_Porca_Esq,Estacao Inferior Sela Dir Porca Esq,1,GALVANIZED,Aco galvanizado,Aco carbono galvanizado; grau e camada a confirmar,0.055318,7046.831,PRELIMINAR - geometria e material sujeitos a verificacao de engenharia
03-036,03_Estacoes/Estacao_Inferior_Montagem,Estacao_Inferior_Sela_Dir_Porca_Dir,Estacao Inferior Sela Dir Porca Dir,1,GALVANIZED,Aco galvanizado,Aco carbono galvanizado; grau e camada a confirmar,0.055318,7046.831,PRELIMINAR - geometria e material sujeitos a verificacao de engenharia
03-037,03_Estacoes/Estacao_Inferior_Montagem,Estacao_Inferior_Suporte_Sela_Dir,Estacao Inferior Suporte Sela Dir,1,STEEL_DARK,Aco carbono,Aco carbono; ASTM A36 como hipotese preliminar,2.1195,270000.0,PRELIMINAR - geometria e material sujeitos a verificacao de engenharia
03-038,03_Estacoes/Estacao_Inferior_Montagem,Estacao_Inferior_Piso_Plataforma,Estacao Inferior Piso Plataforma,1,STEEL_BLUE,Aco galvanizado pintado,"Tubo AISC 63,5 x 38,1 x 3,175 mm; aco-base a confirmar",635.85,81000000.0,PRELIMINAR - geometria e material sujeitos a verificacao de engenharia
03-039,03_Estacoes/Estacao_Inferior_Montagem,Estacao_Inferior_Pe_Plataforma_MM,Estacao Inferior Pe Plataforma MM,1,STEEL_BLUE,Aco galvanizado pintado,"Tubo AISC 63,5 x 38,1 x 3,175 mm; aco-base a confirmar",5.893152,750720.0,PRELIMINAR - geometria e material sujeitos a verificacao de engenharia
03-040,03_Estacoes/Estacao_Inferior_Montagem,Estacao_Inferior_Pe_Plataforma_MP,Estacao Inferior Pe Plataforma MP,1,STEEL_BLUE,Aco galvanizado pintado,"Tubo AISC 63,5 x 38,1 x 3,175 mm; aco-base a confirmar",5.893152,750720.0,PRELIMINAR - geometria e material sujeitos a verificacao de engenharia
03-041,03_Estacoes/Estacao_Inferior_Montagem,Estacao_Inferior_Pe_Plataforma_PM,Estacao Inferior Pe Plataforma PM,1,STEEL_BLUE,Aco galvanizado pintado,"Tubo AISC 63,5 x 38,1 x 3,175 mm; aco-base a confirmar",5.893152,750720.0,PRELIMINAR - geometria e material sujeitos a verificacao de engenharia
03-042,03_Estacoes/Estacao_Inferior_Montagem,Estacao_Inferior_Pe_Plataforma_PP,Estacao Inferior Pe Plataforma PP,1,STEEL_BLUE,Aco galvanizado pintado,"Tubo AISC 63,5 x 38,1 x 3,175 mm; aco-base a confirmar",5.893152,750720.0,PRELIMINAR - geometria e material sujeitos a verificacao de engenharia
03-043,03_Estacoes/Estacao_Inferior_Montagem,Estacao_Inferior_Guarda_Corpo_01,Estacao Inferior Guarda Corpo 01,1,GALVANIZED,Aco galvanizado,Aco carbono galvanizado; grau e camada a confirmar,9.61625,1225000.0,PRELIMINAR - geometria e material sujeitos a verificacao de engenharia
03-044,03_Estacoes/Estacao_Inferior_Montagem,Estacao_Inferior_Guarda_Corpo_02,Estacao Inferior Guarda Corpo 02,1,GALVANIZED,Aco galvanizado,Aco carbono galvanizado; grau e camada a confirmar,9.61625,1225000.0,PRELIMINAR - geometria e material sujeitos a verificacao de engenharia
03-045,03_Estacoes/Estacao_Inferior_Montagem,Estacao_Inferior_Guarda_Corpo_03,Estacao Inferior Guarda Corpo 03,1,GALVANIZED,Aco galvanizado,Aco carbono galvanizado; grau e camada a confirmar,18.496127,2356194.49,PRELIMINAR - geometria e material sujeitos a verificacao de engenharia
03-046,03_Estacoes/Estacao_Inferior_Montagem,Estacao_Inferior_Guarda_Corpo_04,Estacao Inferior Guarda Corpo 04,1,GALVANIZED,Aco galvanizado,Aco carbono galvanizado; grau e camada a confirmar,9.588392,1221451.224,PRELIMINAR - geometria e material sujeitos a verificacao de engenharia
03-047,03_Estacoes/Estacao_Inferior_Montagem,Estacao_Inferior_Guarda_Corpo_05,Estacao Inferior Guarda Corpo 05,1,GALVANIZED,Aco galvanizado,Aco carbono galvanizado; grau e camada a confirmar,9.61625,1225000.0,PRELIMINAR - geometria e material sujeitos a verificacao de engenharia
03-048,03_Estacoes/Estacao_Inferior_Montagem,Estacao_Inferior_Guarda_Corpo_06,Estacao Inferior Guarda Corpo 06,1,GALVANIZED,Aco galvanizado,Aco carbono galvanizado; grau e camada a confirmar,9.61625,1225000.0,PRELIMINAR - geometria e material sujeitos a verificacao de engenharia
03-049,03_Estacoes/Estacao_Inferior_Montagem,Estacao_Inferior_Guarda_Corpo_07,Estacao Inferior Guarda Corpo 07,1,GALVANIZED,Aco galvanizado,Aco carbono galvanizado; grau e camada a confirmar,13.872095,1767145.868,PRELIMINAR - geometria e material sujeitos a verificacao de engenharia
03-050,03_Estacoes/Estacao_Inferior_Montagem,Estacao_Inferior_Tirante_Terminal_Esq,Estacao Inferior Tirante Terminal Esq,1,SAFETY_ORANGE,Aco pintado,Aco carbono pintado; sistema epoxi a confirmar,1.707929,217570.586,PRELIMINAR - geometria e material sujeitos a verificacao de engenharia
03-051,03_Estacoes/Estacao_Inferior_Montagem,Estacao_Inferior_Olhal_Terminal_Esq,Estacao Inferior Olhal Terminal Esq,1,GALVANIZED,Aco galvanizado,Aco carbono galvanizado; grau e camada a confirmar,0.543786,69272.118,PRELIMINAR - geometria e material sujeitos a verificacao de engenharia
03-052,03_Estacoes/Estacao_Inferior_Montagem,Estacao_Inferior_Chapa_Terminal_Esq,Estacao Inferior Chapa Terminal Esq,1,SAFETY_ORANGE,Aco pintado,Aco carbono pintado; sistema epoxi a confirmar,3.768,480000.0,PRELIMINAR - geometria e material sujeitos a verificacao de engenharia
03-053,03_Estacoes/Estacao_Inferior_Montagem,Estacao_Inferior_Tirante_Terminal_Dir,Estacao Inferior Tirante Terminal Dir,1,SAFETY_ORANGE,Aco pintado,Aco carbono pintado; sistema epoxi a confirmar,1.707929,217570.586,PRELIMINAR - geometria e material sujeitos a verificacao de engenharia
03-054,03_Estacoes/Estacao_Inferior_Montagem,Estacao_Inferior_Olhal_Terminal_Dir,Estacao Inferior Olhal Terminal Dir,1,GALVANIZED,Aco galvanizado,Aco carbono galvanizado; grau e camada a confirmar,0.543786,69272.118,PRELIMINAR - geometria e material sujeitos a verificacao de engenharia
03-055,03_Estacoes/Estacao_Inferior_Montagem,Estacao_Inferior_Chapa_Terminal_Dir,Estacao Inferior Chapa Terminal Dir,1,SAFETY_ORANGE,Aco pintado,Aco carbono pintado; sistema epoxi a confirmar,3.768,480000.0,PRELIMINAR - geometria e material sujeitos a verificacao de engenharia
03-056,03_Estacoes/Estacao_Superior_Montagem,Estacao_Superior_Mastro_Esq,Estacao Superior mastro Esq,1,STEEL_BLUE,Aco galvanizado pintado,"Tubo AISC 63,5 x 38,1 x 3,175 mm; aco-base a confirmar",18.137262,2310479.25,PRELIMINAR - geometria e material sujeitos a verificacao de engenharia
03-057,03_Estacoes/Estacao_Superior_Montagem,Estacao_Superior_Placa_Base_Esq,Estacao Superior Placa Base Esq,1,GALVANIZED,Aco galvanizado,Aco carbono galvanizado; grau e camada a confirmar,16.33428,2080800.0,PRELIMINAR - geometria e material sujeitos a verificacao de engenharia
03-058,03_Estacoes/Estacao_Superior_Montagem,Estacao_Superior_Chumbador_Esq_MM,Estacao Superior Chumbador Esq MM,1,STEEL_DARK,Aco carbono,Aco carbono; ASTM A36 como hipotese preliminar,0.244543,31152.033,PRELIMINAR - geometria e material sujeitos a verificacao de engenharia
03-059,03_Estacoes/Estacao_Superior_Montagem,Estacao_Superior_Chumbador_Esq_MP,Estacao Superior Chumbador Esq MP,1,STEEL_DARK,Aco carbono,Aco carbono; ASTM A36 como hipotese preliminar,0.244543,31152.033,PRELIMINAR - geometria e material sujeitos a verificacao de engenharia
03-060,03_Estacoes/Estacao_Superior_Montagem,Estacao_Superior_Chumbador_Esq_PM,Estacao Superior Chumbador Esq PM,1,STEEL_DARK,Aco carbono,Aco carbono; ASTM A36 como hipotese preliminar,0.244543,31152.033,PRELIMINAR - geometria e material sujeitos a verificacao de engenharia
03-061,03_Estacoes/Estacao_Superior_Montagem,Estacao_Superior_Chumbador_Esq_PP,Estacao Superior Chumbador Esq PP,1,STEEL_DARK,Aco carbono,Aco carbono; ASTM A36 como hipotese preliminar,0.244543,31152.033,PRELIMINAR - geometria e material sujeitos a verificacao de engenharia
03-062,03_Estacoes/Estacao_Superior_Montagem,Estacao_Superior_Diagonal_Esq,Estacao Superior Diagonal Esq,1,STEEL_BLUE,Aco galvanizado pintado,"Tubo AISC 63,5 x 38,1 x 3,175 mm; aco-base a confirmar",12.116007,1543440.369,PRELIMINAR - geometria e material sujeitos a verificacao de engenharia
03-063,03_Estacoes/Estacao_Superior_Montagem,Estacao_Superior_Placa_Diagonal_Esq,Estacao Superior Placa Diagonal Esq,1,GALVANIZED,Aco galvanizado,Aco carbono galvanizado; grau e camada a confirmar,9.84704,1254400.0,PRELIMINAR - geometria e material sujeitos a verificacao de engenharia
03-064,03_Estacoes/Estacao_Superior_Montagem,Estacao_Superior_Mastro_Dir,Estacao Superior mastro Dir,1,STEEL_BLUE,Aco galvanizado pintado,"Tubo AISC 63,5 x 38,1 x 3,175 mm; aco-base a confirmar",18.137262,2310479.25,PRELIMINAR - geometria e material sujeitos a verificacao de engenharia
03-065,03_Estacoes/Estacao_Superior_Montagem,Estacao_Superior_Placa_Base_Dir,Estacao Superior Placa Base Dir,1,GALVANIZED,Aco galvanizado,Aco carbono galvanizado; grau e camada a confirmar,16.33428,2080800.0,PRELIMINAR - geometria e material sujeitos a verificacao de engenharia
03-066,03_Estacoes/Estacao_Superior_Montagem,Estacao_Superior_Chumbador_Dir_MM,Estacao Superior Chumbador Dir MM,1,STEEL_DARK,Aco carbono,Aco carbono; ASTM A36 como hipotese preliminar,0.244543,31152.033,PRELIMINAR - geometria e material sujeitos a verificacao de engenharia
03-067,03_Estacoes/Estacao_Superior_Montagem,Estacao_Superior_Chumbador_Dir_MP,Estacao Superior Chumbador Dir MP,1,STEEL_DARK,Aco carbono,Aco carbono; ASTM A36 como hipotese preliminar,0.244543,31152.033,PRELIMINAR - geometria e material sujeitos a verificacao de engenharia
03-068,03_Estacoes/Estacao_Superior_Montagem,Estacao_Superior_Chumbador_Dir_PM,Estacao Superior Chumbador Dir PM,1,STEEL_DARK,Aco carbono,Aco carbono; ASTM A36 como hipotese preliminar,0.244543,31152.033,PRELIMINAR - geometria e material sujeitos a verificacao de engenharia
03-069,03_Estacoes/Estacao_Superior_Montagem,Estacao_Superior_Chumbador_Dir_PP,Estacao Superior Chumbador Dir PP,1,STEEL_DARK,Aco carbono,Aco carbono; ASTM A36 como hipotese preliminar,0.244543,31152.033,PRELIMINAR - geometria e material sujeitos a verificacao de engenharia
03-070,03_Estacoes/Estacao_Superior_Montagem,Estacao_Superior_Diagonal_Dir,Estacao Superior Diagonal Dir,1,STEEL_BLUE,Aco galvanizado pintado,"Tubo AISC 63,5 x 38,1 x 3,175 mm; aco-base a confirmar",12.116007,1543440.369,PRELIMINAR - geometria e material sujeitos a verificacao de engenharia
03-071,03_Estacoes/Estacao_Superior_Montagem,Estacao_Superior_Placa_Diagonal_Dir,Estacao Superior Placa Diagonal Dir,1,GALVANIZED,Aco galvanizado,Aco carbono galvanizado; grau e camada a confirmar,9.84704,1254400.0,PRELIMINAR - geometria e material sujeitos a verificacao de engenharia
03-072,03_Estacoes/Estacao_Superior_Montagem,Estacao_Superior_Travessa_Cabos,Estacao Superior Travessa Cabos,1,STEEL_BLUE,Aco galvanizado pintado,"Tubo AISC 63,5 x 38,1 x 3,175 mm; aco-base a confirmar",23.632268,3010480.0,PRELIMINAR - geometria e material sujeitos a verificacao de engenharia
03-073,03_Estacoes/Estacao_Superior_Montagem,Estacao_Superior_Sela_Esq_Aro_Canaletado,Estacao Superior Sela Esq Aro Canaletado,1,GALVANIZED,Aco galvanizado,Aco carbono galvanizado; grau e camada a confirmar,3.629702,462382.389,PRELIMINAR - geometria e material sujeitos a verificacao de engenharia
03-074,03_Estacoes/Estacao_Superior_Montagem,Estacao_Superior_Sela_Esq_Cubo,Estacao Superior Sela Esq Cubo,1,GALVANIZED,Aco galvanizado,Aco carbono galvanizado; grau e camada a confirmar,0.212413,27059.025,PRELIMINAR - geometria e material sujeitos a verificacao de engenharia
03-075,03_Estacoes/Estacao_Superior_Montagem,Estacao_Superior_Sela_Esq_Rolamento_Esq,Estacao Superior Sela Esq Rolamento Esq,1,GALVANIZED,Aco galvanizado,Aco carbono galvanizado; grau e camada a confirmar,0.014481,1844.671,PRELIMINAR - geometria e material sujeitos a verificacao de engenharia
03-076,03_Estacoes/Estacao_Superior_Montagem,Estacao_Superior_Sela_Esq_Rolamento_Dir,Estacao Superior Sela Esq Rolamento Dir,1,GALVANIZED,Aco galvanizado,Aco carbono galvanizado; grau e camada a confirmar,0.014481,1844.671,PRELIMINAR - geometria e material sujeitos a verificacao de engenharia
03-077,03_Estacoes/Estacao_Superior_Montagem,Estacao_Superior_Sela_Esq_Eixo,Estacao Superior Sela Esq Eixo,1,GALVANIZED,Aco galvanizado,Aco carbono galvanizado; grau e camada a confirmar,0.191413,24383.786,PRELIMINAR - geometria e material sujeitos a verificacao de engenharia
03-078,03_Estacoes/Estacao_Superior_Montagem,Estacao_Superior_Sela_Esq_Arruela_Esq,Estacao Superior Sela Esq Arruela Esq,1,GALVANIZED,Aco galvanizado,Aco carbono galvanizado; grau e camada a confirmar,0.013932,1774.785,PRELIMINAR - geometria e material sujeitos a verificacao de engenharia
03-079,03_Estacoes/Estacao_Superior_Montagem,Estacao_Superior_Sela_Esq_Arruela_Dir,Estacao Superior Sela Esq Arruela Dir,1,GALVANIZED,Aco galvanizado,Aco carbono galvanizado; grau e camada a confirmar,0.013932,1774.785,PRELIMINAR - geometria e material sujeitos a verificacao de engenharia
03-080,03_Estacoes/Estacao_Superior_Montagem,Estacao_Superior_Sela_Esq_Porca_Esq,Estacao Superior Sela Esq Porca Esq,1,GALVANIZED,Aco galvanizado,Aco carbono galvanizado; grau e camada a confirmar,0.055318,7046.831,PRELIMINAR - geometria e material sujeitos a verificacao de engenharia
03-081,03_Estacoes/Estacao_Superior_Montagem,Estacao_Superior_Sela_Esq_Porca_Dir,Estacao Superior Sela Esq Porca Dir,1,GALVANIZED,Aco galvanizado,Aco carbono galvanizado; grau e camada a confirmar,0.055318,7046.831,PRELIMINAR - geometria e material sujeitos a verificacao de engenharia
03-082,03_Estacoes/Estacao_Superior_Montagem,Estacao_Superior_Suporte_Sela_Esq,Estacao Superior Suporte Sela Esq,1,STEEL_DARK,Aco carbono,Aco carbono; ASTM A36 como hipotese preliminar,2.1195,270000.0,PRELIMINAR - geometria e material sujeitos a verificacao de engenharia
03-083,03_Estacoes/Estacao_Superior_Montagem,Estacao_Superior_Sela_Dir_Aro_Canaletado,Estacao Superior Sela Dir Aro Canaletado,1,GALVANIZED,Aco galvanizado,Aco carbono galvanizado; grau e camada a confirmar,3.629702,462382.389,PRELIMINAR - geometria e material sujeitos a verificacao de engenharia
03-084,03_Estacoes/Estacao_Superior_Montagem,Estacao_Superior_Sela_Dir_Cubo,Estacao Superior Sela Dir Cubo,1,GALVANIZED,Aco galvanizado,Aco carbono galvanizado; grau e camada a confirmar,0.212413,27059.025,PRELIMINAR - geometria e material sujeitos a verificacao de engenharia
03-085,03_Estacoes/Estacao_Superior_Montagem,Estacao_Superior_Sela_Dir_Rolamento_Esq,Estacao Superior Sela Dir Rolamento Esq,1,GALVANIZED,Aco galvanizado,Aco carbono galvanizado; grau e camada a confirmar,0.014481,1844.671,PRELIMINAR - geometria e material sujeitos a verificacao de engenharia
03-086,03_Estacoes/Estacao_Superior_Montagem,Estacao_Superior_Sela_Dir_Rolamento_Dir,Estacao Superior Sela Dir Rolamento Dir,1,GALVANIZED,Aco galvanizado,Aco carbono galvanizado; grau e camada a confirmar,0.014481,1844.671,PRELIMINAR - geometria e material sujeitos a verificacao de engenharia
03-087,03_Estacoes/Estacao_Superior_Montagem,Estacao_Superior_Sela_Dir_Eixo,Estacao Superior Sela Dir Eixo,1,GALVANIZED,Aco galvanizado,Aco carbono galvanizado; grau e camada a confirmar,0.191413,24383.786,PRELIMINAR - geometria e material sujeitos a verificacao de engenharia
03-088,03_Estacoes/Estacao_Superior_Montagem,Estacao_Superior_Sela_Dir_Arruela_Esq,Estacao Superior Sela Dir Arruela Esq,1,GALVANIZED,Aco galvanizado,Aco carbono galvanizado; grau e camada a confirmar,0.013932,1774.785,PRELIMINAR - geometria e material sujeitos a verificacao de engenharia
03-089,03_Estacoes/Estacao_Superior_Montagem,Estacao_Superior_Sela_Dir_Arruela_Dir,Estacao Superior Sela Dir Arruela Dir,1,GALVANIZED,Aco galvanizado,Aco carbono galvanizado; grau e camada a confirmar,0.013932,1774.785,PRELIMINAR - geometria e material sujeitos a verificacao de engenharia
03-090,03_Estacoes/Estacao_Superior_Montagem,Estacao_Superior_Sela_Dir_Porca_Esq,Estacao Superior Sela Dir Porca Esq,1,GALVANIZED,Aco galvanizado,Aco carbono galvanizado; grau e camada a confirmar,0.055318,7046.831,PRELIMINAR - geometria e material sujeitos a verificacao de engenharia
03-091,03_Estacoes/Estacao_Superior_Montagem,Estacao_Superior_Sela_Dir_Porca_Dir,Estacao Superior Sela Dir Porca Dir,1,GALVANIZED,Aco galvanizado,Aco carbono galvanizado; grau e camada a confirmar,0.055318,7046.831,PRELIMINAR - geometria e material sujeitos a verificacao de engenharia
03-092,03_Estacoes/Estacao_Superior_Montagem,Estacao_Superior_Suporte_Sela_Dir,Estacao Superior Suporte Sela Dir,1,STEEL_DARK,Aco carbono,Aco carbono; ASTM A36 como hipotese preliminar,2.1195,270000.0,PRELIMINAR - geometria e material sujeitos a verificacao de engenharia
03-093,03_Estacoes/Estacao_Superior_Montagem,Estacao_Superior_Piso_Plataforma,Estacao Superior Piso Plataforma,1,STEEL_BLUE,Aco galvanizado pintado,"Tubo AISC 63,5 x 38,1 x 3,175 mm; aco-base a confirmar",635.85,81000000.0,PRELIMINAR - geometria e material sujeitos a verificacao de engenharia
03-094,03_Estacoes/Estacao_Superior_Montagem,Estacao_Superior_Pe_Plataforma_MM,Estacao Superior Pe Plataforma MM,1,STEEL_BLUE,Aco galvanizado pintado,"Tubo AISC 63,5 x 38,1 x 3,175 mm; aco-base a confirmar",5.893152,750720.0,PRELIMINAR - geometria e material sujeitos a verificacao de engenharia
03-095,03_Estacoes/Estacao_Superior_Montagem,Estacao_Superior_Pe_Plataforma_MP,Estacao Superior Pe Plataforma MP,1,STEEL_BLUE,Aco galvanizado pintado,"Tubo AISC 63,5 x 38,1 x 3,175 mm; aco-base a confirmar",5.893152,750720.0,PRELIMINAR - geometria e material sujeitos a verificacao de engenharia
03-096,03_Estacoes/Estacao_Superior_Montagem,Estacao_Superior_Pe_Plataforma_PM,Estacao Superior Pe Plataforma PM,1,STEEL_BLUE,Aco galvanizado pintado,"Tubo AISC 63,5 x 38,1 x 3,175 mm; aco-base a confirmar",5.893152,750720.0,PRELIMINAR - geometria e material sujeitos a verificacao de engenharia
03-097,03_Estacoes/Estacao_Superior_Montagem,Estacao_Superior_Pe_Plataforma_PP,Estacao Superior Pe Plataforma PP,1,STEEL_BLUE,Aco galvanizado pintado,"Tubo AISC 63,5 x 38,1 x 3,175 mm; aco-base a confirmar",5.893152,750720.0,PRELIMINAR - geometria e material sujeitos a verificacao de engenharia
03-098,03_Estacoes/Estacao_Superior_Montagem,Estacao_Superior_Guarda_Corpo_01,Estacao Superior Guarda Corpo 01,1,GALVANIZED,Aco galvanizado,Aco carbono galvanizado; grau e camada a confirmar,9.61625,1225000.0,PRELIMINAR - geometria e material sujeitos a verificacao de engenharia
03-099,03_Estacoes/Estacao_Superior_Montagem,Estacao_Superior_Guarda_Corpo_02,Estacao Superior Guarda Corpo 02,1,GALVANIZED,Aco galvanizado,Aco carbono galvanizado; grau e camada a confirmar,9.61625,1225000.0,PRELIMINAR - geometria e material sujeitos a verificacao de engenharia
03-100,03_Estacoes/Estacao_Superior_Montagem,Estacao_Superior_Guarda_Corpo_03,Estacao Superior Guarda Corpo 03,1,GALVANIZED,Aco galvanizado,Aco carbono galvanizado; grau e camada a confirmar,18.496127,2356194.49,PRELIMINAR - geometria e material sujeitos a verificacao de engenharia
03-101,03_Estacoes/Estacao_Superior_Montagem,Estacao_Superior_Guarda_Corpo_04,Estacao Superior Guarda Corpo 04,1,GALVANIZED,Aco galvanizado,Aco carbono galvanizado; grau e camada a confirmar,9.588392,1221451.224,PRELIMINAR - geometria e material sujeitos a verificacao de engenharia
03-102,03_Estacoes/Estacao_Superior_Montagem,Estacao_Superior_Guarda_Corpo_05,Estacao Superior Guarda Corpo 05,1,GALVANIZED,Aco galvanizado,Aco carbono galvanizado; grau e camada a confirmar,9.61625,1225000.0,PRELIMINAR - geometria e material sujeitos a verificacao de engenharia
03-103,03_Estacoes/Estacao_Superior_Montagem,Estacao_Superior_Guarda_Corpo_06,Estacao Superior Guarda Corpo 06,1,GALVANIZED,Aco galvanizado,Aco carbono galvanizado; grau e camada a confirmar,9.61625,1225000.0,PRELIMINAR - geometria e material sujeitos a verificacao de engenharia
03-104,03_Estacoes/Estacao_Superior_Montagem,Estacao_Superior_Guarda_Corpo_07,Estacao Superior Guarda Corpo 07,1,GALVANIZED,Aco galvanizado,Aco carbono galvanizado; grau e camada a confirmar,13.872095,1767145.868,PRELIMINAR - geometria e material sujeitos a verificacao de engenharia
03-105,03_Estacoes/Estacao_Superior_Montagem,Estacao_Superior_Tirante_Terminal_Esq,Estacao Superior Tirante Terminal Esq,1,SAFETY_ORANGE,Aco pintado,Aco carbono pintado; sistema epoxi a confirmar,1.707929,217570.586,PRELIMINAR - geometria e material sujeitos a verificacao de engenharia
03-106,03_Estacoes/Estacao_Superior_Montagem,Estacao_Superior_Olhal_Terminal_Esq,Estacao Superior Olhal Terminal Esq,1,GALVANIZED,Aco galvanizado,Aco carbono galvanizado; grau e camada a confirmar,0.543786,69272.118,PRELIMINAR - geometria e material sujeitos a verificacao de engenharia
03-107,03_Estacoes/Estacao_Superior_Montagem,Estacao_Superior_Chapa_Terminal_Esq,Estacao Superior Chapa Terminal Esq,1,SAFETY_ORANGE,Aco pintado,Aco carbono pintado; sistema epoxi a confirmar,3.768,480000.0,PRELIMINAR - geometria e material sujeitos a verificacao de engenharia
03-108,03_Estacoes/Estacao_Superior_Montagem,Estacao_Superior_Tirante_Terminal_Dir,Estacao Superior Tirante Terminal Dir,1,SAFETY_ORANGE,Aco pintado,Aco carbono pintado; sistema epoxi a confirmar,1.707929,217570.586,PRELIMINAR - geometria e material sujeitos a verificacao de engenharia
03-109,03_Estacoes/Estacao_Superior_Montagem,Estacao_Superior_Olhal_Terminal_Dir,Estacao Superior Olhal Terminal Dir,1,GALVANIZED,Aco galvanizado,Aco carbono galvanizado; grau e camada a confirmar,0.543786,69272.118,PRELIMINAR - geometria e material sujeitos a verificacao de engenharia
03-110,03_Estacoes/Estacao_Superior_Montagem,Estacao_Superior_Chapa_Terminal_Dir,Estacao Superior Chapa Terminal Dir,1,SAFETY_ORANGE,Aco pintado,Aco carbono pintado; sistema epoxi a confirmar,3.768,480000.0,PRELIMINAR - geometria e material sujeitos a verificacao de engenharia
04-001,04_Cabos_Portantes/04_Cabos_Portantes,Cabo_Portante_Esquerdo_Alma,Cabo Portante Esquerdo - conjunto comercial,1,CABLE,Cabo de aco galvanizado 6x19,"Cabo galvanizado, resistencia nominal 1670 MPa; certificado obrigatorio",13.950541,546905.278,PRELIMINAR - geometria e material sujeitos a verificacao de engenharia
04-008,04_Cabos_Portantes/04_Cabos_Portantes,Cabo_Portante_Esquerdo_Sapatilha_Inferior,Cabo Portante Esquerdo Sapatilha Inferior,1,GALVANIZED,Aco galvanizado,Aco carbono galvanizado; grau e camada a confirmar,0.376845,48005.756,PRELIMINAR - geometria e material sujeitos a verificacao de engenharia
04-009,04_Cabos_Portantes/04_Cabos_Portantes,Cabo_Portante_Esquerdo_Esticador_Inferior,Cabo Portante Esquerdo Esticador Inferior,1,GALVANIZED,Aco galvanizado,Aco carbono galvanizado; grau e camada a confirmar,1.62363,206831.851,PRELIMINAR - geometria e material sujeitos a verificacao de engenharia
04-010,04_Cabos_Portantes/04_Cabos_Portantes,Cabo_Portante_Esquerdo_Grampo_Inferior_01,Cabo Portante Esquerdo Grampo Inferior 01,1,GALVANIZED,Aco galvanizado,Aco carbono galvanizado; grau e camada a confirmar,0.150908,19223.893,PRELIMINAR - geometria e material sujeitos a verificacao de engenharia
04-011,04_Cabos_Portantes/04_Cabos_Portantes,Cabo_Portante_Esquerdo_Grampo_Inferior_02,Cabo Portante Esquerdo Grampo Inferior 02,1,GALVANIZED,Aco galvanizado,Aco carbono galvanizado; grau e camada a confirmar,0.150908,19223.893,PRELIMINAR - geometria e material sujeitos a verificacao de engenharia
04-012,04_Cabos_Portantes/04_Cabos_Portantes,Cabo_Portante_Esquerdo_Grampo_Inferior_03,Cabo Portante Esquerdo Grampo Inferior 03,1,GALVANIZED,Aco galvanizado,Aco carbono galvanizado; grau e camada a confirmar,0.150908,19223.893,PRELIMINAR - geometria e material sujeitos a verificacao de engenharia
04-013,04_Cabos_Portantes/04_Cabos_Portantes,Cabo_Portante_Esquerdo_Sapatilha_Superior,Cabo Portante Esquerdo Sapatilha Superior,1,GALVANIZED,Aco galvanizado,Aco carbono galvanizado; grau e camada a confirmar,0.376845,48005.756,PRELIMINAR - geometria e material sujeitos a verificacao de engenharia
04-014,04_Cabos_Portantes/04_Cabos_Portantes,Cabo_Portante_Esquerdo_Esticador_Superior,Cabo Portante Esquerdo Esticador Superior,1,GALVANIZED,Aco galvanizado,Aco carbono galvanizado; grau e camada a confirmar,1.62363,206831.851,PRELIMINAR - geometria e material sujeitos a verificacao de engenharia
04-015,04_Cabos_Portantes/04_Cabos_Portantes,Cabo_Portante_Esquerdo_Grampo_Superior_01,Cabo Portante Esquerdo Grampo Superior 01,1,GALVANIZED,Aco galvanizado,Aco carbono galvanizado; grau e camada a confirmar,0.150908,19223.893,PRELIMINAR - geometria e material sujeitos a verificacao de engenharia
04-016,04_Cabos_Portantes/04_Cabos_Portantes,Cabo_Portante_Esquerdo_Grampo_Superior_02,Cabo Portante Esquerdo Grampo Superior 02,1,GALVANIZED,Aco galvanizado,Aco carbono galvanizado; grau e camada a confirmar,0.150908,19223.893,PRELIMINAR - geometria e material sujeitos a verificacao de engenharia
04-017,04_Cabos_Portantes/04_Cabos_Portantes,Cabo_Portante_Esquerdo_Grampo_Superior_03,Cabo Portante Esquerdo Grampo Superior 03,1,GALVANIZED,Aco galvanizado,Aco carbono galvanizado; grau e camada a confirmar,0.150908,19223.893,PRELIMINAR - geometria e material sujeitos a verificacao de engenharia
04-018,04_Cabos_Portantes/04_Cabos_Portantes,Cabo_Portante_Direito_Alma,Cabo Portante Direito - conjunto comercial,1,CABLE,Cabo de aco galvanizado 6x19,"Cabo galvanizado, resistencia nominal 1670 MPa; certificado obrigatorio",13.950541,546905.278,PRELIMINAR - geometria e material sujeitos a verificacao de engenharia
04-025,04_Cabos_Portantes/04_Cabos_Portantes,Cabo_Portante_Direito_Sapatilha_Inferior,Cabo Portante Direito Sapatilha Inferior,1,GALVANIZED,Aco galvanizado,Aco carbono galvanizado; grau e camada a confirmar,0.376845,48005.756,PRELIMINAR - geometria e material sujeitos a verificacao de engenharia
04-026,04_Cabos_Portantes/04_Cabos_Portantes,Cabo_Portante_Direito_Esticador_Inferior,Cabo Portante Direito Esticador Inferior,1,GALVANIZED,Aco galvanizado,Aco carbono galvanizado; grau e camada a confirmar,1.62363,206831.851,PRELIMINAR - geometria e material sujeitos a verificacao de engenharia
04-027,04_Cabos_Portantes/04_Cabos_Portantes,Cabo_Portante_Direito_Grampo_Inferior_01,Cabo Portante Direito Grampo Inferior 01,1,GALVANIZED,Aco galvanizado,Aco carbono galvanizado; grau e camada a confirmar,0.150908,19223.893,PRELIMINAR - geometria e material sujeitos a verificacao de engenharia
04-028,04_Cabos_Portantes/04_Cabos_Portantes,Cabo_Portante_Direito_Grampo_Inferior_02,Cabo Portante Direito Grampo Inferior 02,1,GALVANIZED,Aco galvanizado,Aco carbono galvanizado; grau e camada a confirmar,0.150908,19223.893,PRELIMINAR - geometria e material sujeitos a verificacao de engenharia
04-029,04_Cabos_Portantes/04_Cabos_Portantes,Cabo_Portante_Direito_Grampo_Inferior_03,Cabo Portante Direito Grampo Inferior 03,1,GALVANIZED,Aco galvanizado,Aco carbono galvanizado; grau e camada a confirmar,0.150908,19223.893,PRELIMINAR - geometria e material sujeitos a verificacao de engenharia
04-030,04_Cabos_Portantes/04_Cabos_Portantes,Cabo_Portante_Direito_Sapatilha_Superior,Cabo Portante Direito Sapatilha Superior,1,GALVANIZED,Aco galvanizado,Aco carbono galvanizado; grau e camada a confirmar,0.376845,48005.756,PRELIMINAR - geometria e material sujeitos a verificacao de engenharia
04-031,04_Cabos_Portantes/04_Cabos_Portantes,Cabo_Portante_Direito_Esticador_Superior,Cabo Portante Direito Esticador Superior,1,GALVANIZED,Aco galvanizado,Aco carbono galvanizado; grau e camada a confirmar,1.62363,206831.851,PRELIMINAR - geometria e material sujeitos a verificacao de engenharia
04-032,04_Cabos_Portantes/04_Cabos_Portantes,Cabo_Portante_Direito_Grampo_Superior_01,Cabo Portante Direito Grampo Superior 01,1,GALVANIZED,Aco galvanizado,Aco carbono galvanizado; grau e camada a confirmar,0.150908,19223.893,PRELIMINAR - geometria e material sujeitos a verificacao de engenharia
04-033,04_Cabos_Portantes/04_Cabos_Portantes,Cabo_Portante_Direito_Grampo_Superior_02,Cabo Portante Direito Grampo Superior 02,1,GALVANIZED,Aco galvanizado,Aco carbono galvanizado; grau e camada a confirmar,0.150908,19223.893,PRELIMINAR - geometria e material sujeitos a verificacao de engenharia
04-034,04_Cabos_Portantes/04_Cabos_Portantes,Cabo_Portante_Direito_Grampo_Superior_03,Cabo Portante Direito Grampo Superior 03,1,GALVANIZED,Aco galvanizado,Aco carbono galvanizado; grau e camada a confirmar,0.150908,19223.893,PRELIMINAR - geometria e material sujeitos a verificacao de engenharia
05-001,05_Sistema_Tracao/05_Sistema_Tracao,Cabo_Tracao_Entre_Estacoes_Alma,Cabo Tracao Entre Estacoes - conjunto comercial,1,CABLE,Cabo de aco galvanizado 6x19,"Cabo galvanizado, resistencia nominal 1670 MPa; certificado obrigatorio",1.492608,76890.809,PRELIMINAR - geometria e material sujeitos a verificacao de engenharia
05-005,05_Sistema_Tracao/05_Sistema_Tracao,Cabo_Tracao_Retorno_Entre_Estacoes_Alma,Cabo Tracao Retorno Entre Estacoes - conjunto comercial,1,CABLE,Cabo de aco galvanizado 6x19,"Cabo galvanizado, resistencia nominal 1670 MPa; certificado obrigatorio",1.49266,76893.459,PRELIMINAR - geometria e material sujeitos a verificacao de engenharia
05-010,05_Sistema_Tracao/05_Sistema_Tracao,Cabo_Tracao_Guincho_Guia,Cabo Tracao Guincho Guia,1,CABLE,Cabo de aco galvanizado 6x19,"Cabo galvanizado, resistencia nominal 1670 MPa; certificado obrigatorio",0.45817,58365.561,PRELIMINAR - geometria e material sujeitos a verificacao de engenharia
05-011,05_Sistema_Tracao/05_Sistema_Tracao,Polia_Guia_Tracao_Inferior_Aro_Canaletado,Polia Guia Tracao Inferior Aro Canaletado,1,SAFETY_ORANGE,Aco pintado,Aco carbono pintado; sistema epoxi a confirmar,8.084876,1029920.568,PRELIMINAR - geometria e material sujeitos a verificacao de engenharia
05-012,05_Sistema_Tracao/05_Sistema_Tracao,Polia_Guia_Tracao_Inferior_Cubo,Polia Guia Tracao Inferior Cubo,1,GALVANIZED,Aco galvanizado,Aco carbono galvanizado; grau e camada a confirmar,0.451456,57510.29,PRELIMINAR - geometria e material sujeitos a verificacao de engenharia
05-013,05_Sistema_Tracao/05_Sistema_Tracao,Polia_Guia_Tracao_Inferior_Rolamento_Esq,Polia Guia Tracao Inferior Rolamento Esq,1,GALVANIZED,Aco galvanizado,Aco carbono galvanizado; grau e camada a confirmar,0.030777,3920.598,PRELIMINAR - geometria e material sujeitos a verificacao de engenharia
05-014,05_Sistema_Tracao/05_Sistema_Tracao,Polia_Guia_Tracao_Inferior_Rolamento_Dir,Polia Guia Tracao Inferior Rolamento Dir,1,GALVANIZED,Aco galvanizado,Aco carbono galvanizado; grau e camada a confirmar,0.030777,3920.598,PRELIMINAR - geometria e material sujeitos a verificacao de engenharia
05-015,05_Sistema_Tracao/05_Sistema_Tracao,Polia_Guia_Tracao_Inferior_Eixo,Polia Guia Tracao Inferior Eixo,1,GALVANIZED,Aco galvanizado,Aco carbono galvanizado; grau e camada a confirmar,0.345182,43972.244,PRELIMINAR - geometria e material sujeitos a verificacao de engenharia
05-016,05_Sistema_Tracao/05_Sistema_Tracao,Polia_Guia_Tracao_Inferior_Arruela_Esq,Polia Guia Tracao Inferior Arruela Esq,1,GALVANIZED,Aco galvanizado,Aco carbono galvanizado; grau e camada a confirmar,0.023031,2933.828,PRELIMINAR - geometria e material sujeitos a verificacao de engenharia
05-017,05_Sistema_Tracao/05_Sistema_Tracao,Polia_Guia_Tracao_Inferior_Arruela_Dir,Polia Guia Tracao Inferior Arruela Dir,1,GALVANIZED,Aco galvanizado,Aco carbono galvanizado; grau e camada a confirmar,0.023031,2933.828,PRELIMINAR - geometria e material sujeitos a verificacao de engenharia
05-018,05_Sistema_Tracao/05_Sistema_Tracao,Polia_Guia_Tracao_Inferior_Porca_Esq,Polia Guia Tracao Inferior Porca Esq,1,GALVANIZED,Aco galvanizado,Aco carbono galvanizado; grau e camada a confirmar,0.091443,11648.843,PRELIMINAR - geometria e material sujeitos a verificacao de engenharia
05-019,05_Sistema_Tracao/05_Sistema_Tracao,Polia_Guia_Tracao_Inferior_Porca_Dir,Polia Guia Tracao Inferior Porca Dir,1,GALVANIZED,Aco galvanizado,Aco carbono galvanizado; grau e camada a confirmar,0.091443,11648.843,PRELIMINAR - geometria e material sujeitos a verificacao de engenharia
05-020,05_Sistema_Tracao/05_Sistema_Tracao,Polia_Guia_Tracao_Superior_Aro_Canaletado,Polia Guia Tracao Superior Aro Canaletado,1,SAFETY_ORANGE,Aco pintado,Aco carbono pintado; sistema epoxi a confirmar,8.084876,1029920.568,PRELIMINAR - geometria e material sujeitos a verificacao de engenharia
05-021,05_Sistema_Tracao/05_Sistema_Tracao,Polia_Guia_Tracao_Superior_Cubo,Polia Guia Tracao Superior Cubo,1,GALVANIZED,Aco galvanizado,Aco carbono galvanizado; grau e camada a confirmar,0.451456,57510.29,PRELIMINAR - geometria e material sujeitos a verificacao de engenharia
05-022,05_Sistema_Tracao/05_Sistema_Tracao,Polia_Guia_Tracao_Superior_Rolamento_Esq,Polia Guia Tracao Superior Rolamento Esq,1,GALVANIZED,Aco galvanizado,Aco carbono galvanizado; grau e camada a confirmar,0.030777,3920.598,PRELIMINAR - geometria e material sujeitos a verificacao de engenharia
05-023,05_Sistema_Tracao/05_Sistema_Tracao,Polia_Guia_Tracao_Superior_Rolamento_Dir,Polia Guia Tracao Superior Rolamento Dir,1,GALVANIZED,Aco galvanizado,Aco carbono galvanizado; grau e camada a confirmar,0.030777,3920.598,PRELIMINAR - geometria e material sujeitos a verificacao de engenharia
05-024,05_Sistema_Tracao/05_Sistema_Tracao,Polia_Guia_Tracao_Superior_Eixo,Polia Guia Tracao Superior Eixo,1,GALVANIZED,Aco galvanizado,Aco carbono galvanizado; grau e camada a confirmar,0.345182,43972.244,PRELIMINAR - geometria e material sujeitos a verificacao de engenharia
05-025,05_Sistema_Tracao/05_Sistema_Tracao,Polia_Guia_Tracao_Superior_Arruela_Esq,Polia Guia Tracao Superior Arruela Esq,1,GALVANIZED,Aco galvanizado,Aco carbono galvanizado; grau e camada a confirmar,0.023031,2933.828,PRELIMINAR - geometria e material sujeitos a verificacao de engenharia
05-026,05_Sistema_Tracao/05_Sistema_Tracao,Polia_Guia_Tracao_Superior_Arruela_Dir,Polia Guia Tracao Superior Arruela Dir,1,GALVANIZED,Aco galvanizado,Aco carbono galvanizado; grau e camada a confirmar,0.023031,2933.828,PRELIMINAR - geometria e material sujeitos a verificacao de engenharia
05-027,05_Sistema_Tracao/05_Sistema_Tracao,Polia_Guia_Tracao_Superior_Porca_Esq,Polia Guia Tracao Superior Porca Esq,1,GALVANIZED,Aco galvanizado,Aco carbono galvanizado; grau e camada a confirmar,0.091443,11648.843,PRELIMINAR - geometria e material sujeitos a verificacao de engenharia
05-028,05_Sistema_Tracao/05_Sistema_Tracao,Polia_Guia_Tracao_Superior_Porca_Dir,Polia Guia Tracao Superior Porca Dir,1,GALVANIZED,Aco galvanizado,Aco carbono galvanizado; grau e camada a confirmar,0.091443,11648.843,PRELIMINAR - geometria e material sujeitos a verificacao de engenharia
05-029,05_Sistema_Tracao/05_Sistema_Tracao,Grampo_Tracao_Trolley,Grampo Tracao Trolley,1,SAFETY_ORANGE,Aco pintado,Aco carbono pintado; sistema epoxi a confirmar,1.144794,145833.627,PRELIMINAR - geometria e material sujeitos a verificacao de engenharia
06-001,06_Guincho/06_Guincho,Guincho_Base,Guincho Base,1,SAFETY_ORANGE,Aco pintado,Aco carbono pintado; sistema epoxi a confirmar,18.68928,2380800.0,PRELIMINAR - geometria e material sujeitos a verificacao de engenharia
06-002,06_Guincho/06_Guincho,Guincho_Lateral_Interna,Guincho Lateral Interna,1,SAFETY_ORANGE,Aco pintado,Aco carbono pintado; sistema epoxi a confirmar,15.523497,1977515.49,PRELIMINAR - geometria e material sujeitos a verificacao de engenharia
06-003,06_Guincho/06_Guincho,Guincho_Lateral_Externa,Guincho Lateral Externa,1,SAFETY_ORANGE,Aco pintado,Aco carbono pintado; sistema epoxi a confirmar,15.523497,1977515.49,PRELIMINAR - geometria e material sujeitos a verificacao de engenharia
06-004,06_Guincho/06_Guincho,Guincho_Espacador_01,Guincho Espacador 01,1,STEEL_DARK,Aco carbono,Aco carbono; ASTM A36 como hipotese preliminar,1.024896,130560.0,PRELIMINAR - geometria e material sujeitos a verificacao de engenharia
06-005,06_Guincho/06_Guincho,Guincho_Espacador_02,Guincho Espacador 02,1,STEEL_DARK,Aco carbono,Aco carbono; ASTM A36 como hipotese preliminar,1.024896,130560.0,PRELIMINAR - geometria e material sujeitos a verificacao de engenharia
06-006,06_Guincho/06_Guincho,Guincho_Tambor,Guincho Tambor,1,STEEL_DARK,Aco carbono,Aco carbono; ASTM A36 como hipotese preliminar,7.078838,901762.755,PRELIMINAR - geometria e material sujeitos a verificacao de engenharia
06-007,06_Guincho/06_Guincho,Guincho_Flange_Tambor_Interna,Guincho Flange Tambor Interna,1,STEEL_DARK,Aco carbono,Aco carbono; ASTM A36 como hipotese preliminar,3.334235,424743.327,PRELIMINAR - geometria e material sujeitos a verificacao de engenharia
06-008,06_Guincho/06_Guincho,Guincho_Flange_Tambor_Externa,Guincho Flange Tambor Externa,1,STEEL_DARK,Aco carbono,Aco carbono; ASTM A36 como hipotese preliminar,3.334235,424743.327,PRELIMINAR - geometria e material sujeitos a verificacao de engenharia
06-009,06_Guincho/06_Guincho,Guincho_Eixo_Tambor,Guincho Eixo Tambor,1,GALVANIZED,Aco galvanizado,Aco carbono galvanizado; grau e camada a confirmar,4.340424,552920.307,PRELIMINAR - geometria e material sujeitos a verificacao de engenharia
06-010,06_Guincho/06_Guincho,Guincho_Mancal_Interno,Guincho Mancal Interno,1,GALVANIZED,Aco galvanizado,Aco carbono galvanizado; grau e camada a confirmar,0.72736,92657.348,PRELIMINAR - geometria e material sujeitos a verificacao de engenharia
06-011,06_Guincho/06_Guincho,Guincho_Mancal_Externo,Guincho Mancal Externo,1,GALVANIZED,Aco galvanizado,Aco carbono galvanizado; grau e camada a confirmar,0.72736,92657.348,PRELIMINAR - geometria e material sujeitos a verificacao de engenharia
06-012,06_Guincho/06_Guincho,Guincho_Engrenagem_Tambor,Guincho Engrenagem Tambor,1,GALVANIZED,Aco galvanizado,Aco carbono galvanizado; grau e camada a confirmar,14.778305,1882586.58,PRELIMINAR - geometria e material sujeitos a verificacao de engenharia
06-013,06_Guincho/06_Guincho,Guincho_Roda_Catraca,Guincho Roda Catraca,1,STEEL_DARK,Aco carbono,Aco carbono; ASTM A36 como hipotese preliminar,6.363585,810647.772,PRELIMINAR - geometria e material sujeitos a verificacao de engenharia
06-014,06_Guincho/06_Guincho,Guincho_Pinhao_Entrada,Guincho Pinhao Entrada,1,GALVANIZED,Aco galvanizado,Aco carbono galvanizado; grau e camada a confirmar,1.122678,143016.293,PRELIMINAR - geometria e material sujeitos a verificacao de engenharia
06-015,06_Guincho/06_Guincho,Guincho_Eixo_Entrada,Guincho Eixo Entrada,1,STEEL_DARK,Aco carbono,Aco carbono; ASTM A36 como hipotese preliminar,0.580039,73890.259,PRELIMINAR - geometria e material sujeitos a verificacao de engenharia
06-016,06_Guincho/06_Guincho,Guincho_Lingueta_Catraca,Guincho Lingueta Catraca,1,STEEL_DARK,Aco carbono,Aco carbono; ASTM A36 como hipotese preliminar,0.493432,62857.52,PRELIMINAR - geometria e material sujeitos a verificacao de engenharia
06-017,06_Guincho/06_Guincho,Guincho_Disco_Freio,Guincho Disco Freio,1,STEEL_DARK,Aco carbono,Aco carbono; ASTM A36 como hipotese preliminar,5.753035,732870.734,PRELIMINAR - geometria e material sujeitos a verificacao de engenharia
06-018,06_Guincho/06_Guincho,Guincho_Sapata_Freio,Guincho Sapata Freio,1,RUBBER,Borracha reciclada,Borracha industrial; dureza e composto a confirmar,0.06006,54600.0,PRELIMINAR - geometria e material sujeitos a verificacao de engenharia
06-019,06_Guincho/06_Guincho,Guincho_Manivela,Guincho Manivela,1,STEEL_DARK,Aco carbono,Aco carbono; ASTM A36 como hipotese preliminar,2.01879,257170.706,PRELIMINAR - geometria e material sujeitos a verificacao de engenharia
06-020,06_Guincho/06_Guincho,Guincho_Empunhadura_Giratoria,Guincho Empunhadura Giratoria,1,RUBBER,Borracha reciclada,Borracha industrial; dureza e composto a confirmar,0.291579,265071.88,PRELIMINAR - geometria e material sujeitos a verificacao de engenharia
06-021,06_Guincho/06_Guincho,Guincho_Parafuso_Base_01,Guincho Parafuso Base 01,1,GALVANIZED,Aco galvanizado,Aco carbono galvanizado; grau e camada a confirmar,0.070137,8934.69,PRELIMINAR - geometria e material sujeitos a verificacao de engenharia
06-022,06_Guincho/06_Guincho,Guincho_Parafuso_Base_02,Guincho Parafuso Base 02,1,GALVANIZED,Aco galvanizado,Aco carbono galvanizado; grau e camada a confirmar,0.070137,8934.69,PRELIMINAR - geometria e material sujeitos a verificacao de engenharia
06-023,06_Guincho/06_Guincho,Guincho_Parafuso_Base_03,Guincho Parafuso Base 03,1,GALVANIZED,Aco galvanizado,Aco carbono galvanizado; grau e camada a confirmar,0.070137,8934.69,PRELIMINAR - geometria e material sujeitos a verificacao de engenharia
06-024,06_Guincho/06_Guincho,Guincho_Parafuso_Base_04,Guincho Parafuso Base 04,1,GALVANIZED,Aco galvanizado,Aco carbono galvanizado; grau e camada a confirmar,0.070137,8934.69,PRELIMINAR - geometria e material sujeitos a verificacao de engenharia
07-001,07_Trolley/07_Trolley,Trolley_Eixo_Principal_01,Trolley Eixo Principal 01,1,GALVANIZED,Aco galvanizado,Aco carbono galvanizado; grau e camada a confirmar,1.372659,174861.047,PRELIMINAR - geometria e material sujeitos a verificacao de engenharia
07-002,07_Trolley/07_Trolley,Trolley_Porca_Eixo_01_Esq,Trolley Porca Eixo 01 Esq,1,GALVANIZED,Aco galvanizado,Aco carbono galvanizado; grau e camada a confirmar,0.125741,16018.006,PRELIMINAR - geometria e material sujeitos a verificacao de engenharia
07-003,07_Trolley/07_Trolley,Trolley_Porca_Eixo_01_Dir,Trolley Porca Eixo 01 Dir,1,GALVANIZED,Aco galvanizado,Aco carbono galvanizado; grau e camada a confirmar,0.125741,16018.006,PRELIMINAR - geometria e material sujeitos a verificacao de engenharia
07-004,07_Trolley/07_Trolley,Trolley_Polia_01_01_Aro_Canaletado,Trolley Polia 01 01 Aro Canaletado,1,SAFETY_ORANGE,Aco pintado,Aco carbono pintado; sistema epoxi a confirmar,4.469485,569361.132,PRELIMINAR - geometria e material sujeitos a verificacao de engenharia
07-005,07_Trolley/07_Trolley,Trolley_Polia_01_01_Cubo,Trolley Polia 01 01 Cubo,1,GALVANIZED,Aco galvanizado,Aco carbono galvanizado; grau e camada a confirmar,0.256828,32716.965,PRELIMINAR - geometria e material sujeitos a verificacao de engenharia
07-006,07_Trolley/07_Trolley,Trolley_Polia_01_01_Rolamento_Esq,Trolley Polia 01 01 Rolamento Esq,1,GALVANIZED,Aco galvanizado,Aco carbono galvanizado; grau e camada a confirmar,0.017509,2230.385,PRELIMINAR - geometria e material sujeitos a verificacao de engenharia
07-007,07_Trolley/07_Trolley,Trolley_Polia_01_01_Rolamento_Dir,Trolley Polia 01 01 Rolamento Dir,1,GALVANIZED,Aco galvanizado,Aco carbono galvanizado; grau e camada a confirmar,0.017509,2230.385,PRELIMINAR - geometria e material sujeitos a verificacao de engenharia
07-008,07_Trolley/07_Trolley,Trolley_Rolete_Retencao_01_01_Aro_Canaletado,Trolley Rolete Retencao 01 01 Aro Canaletado,1,GALVANIZED,Aco galvanizado,Aco carbono galvanizado; grau e camada a confirmar,0.327795,41757.319,PRELIMINAR - geometria e material sujeitos a verificacao de engenharia
07-009,07_Trolley/07_Trolley,Trolley_Rolete_Retencao_01_01_Cubo,Trolley Rolete Retencao 01 01 Cubo,1,GALVANIZED,Aco galvanizado,Aco carbono galvanizado; grau e camada a confirmar,0.006709,854.592,PRELIMINAR - geometria e material sujeitos a verificacao de engenharia
07-010,07_Trolley/07_Trolley,Trolley_Rolete_Retencao_01_01_Rolamento_Esq,Trolley Rolete Retencao 01 01 Rolamento Esq,1,GALVANIZED,Aco galvanizado,Aco carbono galvanizado; grau e camada a confirmar,0.007036,896.342,PRELIMINAR - geometria e material sujeitos a verificacao de engenharia
07-011,07_Trolley/07_Trolley,Trolley_Rolete_Retencao_01_01_Rolamento_Dir,Trolley Rolete Retencao 01 01 Rolamento Dir,1,GALVANIZED,Aco galvanizado,Aco carbono galvanizado; grau e camada a confirmar,0.007036,896.342,PRELIMINAR - geometria e material sujeitos a verificacao de engenharia
07-012,07_Trolley/07_Trolley,Trolley_Eixo_Rolete_01_01,Trolley Eixo Rolete 01 01,1,GALVANIZED,Aco galvanizado,Aco carbono galvanizado; grau e camada a confirmar,0.114799,14624.114,PRELIMINAR - geometria e material sujeitos a verificacao de engenharia
07-013,07_Trolley/07_Trolley,Trolley_Suporte_Rolete_01_01,Trolley Suporte Rolete 01 01,1,STEEL_DARK,Aco carbono,Aco carbono; ASTM A36 como hipotese preliminar,0.98125,125000.0,PRELIMINAR - geometria e material sujeitos a verificacao de engenharia
07-014,07_Trolley/07_Trolley,Trolley_Polia_01_02_Aro_Canaletado,Trolley Polia 01 02 Aro Canaletado,1,SAFETY_ORANGE,Aco pintado,Aco carbono pintado; sistema epoxi a confirmar,4.469485,569361.132,PRELIMINAR - geometria e material sujeitos a verificacao de engenharia
07-015,07_Trolley/07_Trolley,Trolley_Polia_01_02_Cubo,Trolley Polia 01 02 Cubo,1,GALVANIZED,Aco galvanizado,Aco carbono galvanizado; grau e camada a confirmar,0.256828,32716.965,PRELIMINAR - geometria e material sujeitos a verificacao de engenharia
07-016,07_Trolley/07_Trolley,Trolley_Polia_01_02_Rolamento_Esq,Trolley Polia 01 02 Rolamento Esq,1,GALVANIZED,Aco galvanizado,Aco carbono galvanizado; grau e camada a confirmar,0.017509,2230.385,PRELIMINAR - geometria e material sujeitos a verificacao de engenharia
07-017,07_Trolley/07_Trolley,Trolley_Polia_01_02_Rolamento_Dir,Trolley Polia 01 02 Rolamento Dir,1,GALVANIZED,Aco galvanizado,Aco carbono galvanizado; grau e camada a confirmar,0.017509,2230.385,PRELIMINAR - geometria e material sujeitos a verificacao de engenharia
07-018,07_Trolley/07_Trolley,Trolley_Rolete_Retencao_01_02_Aro_Canaletado,Trolley Rolete Retencao 01 02 Aro Canaletado,1,GALVANIZED,Aco galvanizado,Aco carbono galvanizado; grau e camada a confirmar,0.327795,41757.319,PRELIMINAR - geometria e material sujeitos a verificacao de engenharia
07-019,07_Trolley/07_Trolley,Trolley_Rolete_Retencao_01_02_Cubo,Trolley Rolete Retencao 01 02 Cubo,1,GALVANIZED,Aco galvanizado,Aco carbono galvanizado; grau e camada a confirmar,0.006709,854.592,PRELIMINAR - geometria e material sujeitos a verificacao de engenharia
07-020,07_Trolley/07_Trolley,Trolley_Rolete_Retencao_01_02_Rolamento_Esq,Trolley Rolete Retencao 01 02 Rolamento Esq,1,GALVANIZED,Aco galvanizado,Aco carbono galvanizado; grau e camada a confirmar,0.007036,896.342,PRELIMINAR - geometria e material sujeitos a verificacao de engenharia
07-021,07_Trolley/07_Trolley,Trolley_Rolete_Retencao_01_02_Rolamento_Dir,Trolley Rolete Retencao 01 02 Rolamento Dir,1,GALVANIZED,Aco galvanizado,Aco carbono galvanizado; grau e camada a confirmar,0.007036,896.342,PRELIMINAR - geometria e material sujeitos a verificacao de engenharia
07-022,07_Trolley/07_Trolley,Trolley_Eixo_Rolete_01_02,Trolley Eixo Rolete 01 02,1,GALVANIZED,Aco galvanizado,Aco carbono galvanizado; grau e camada a confirmar,0.114799,14624.114,PRELIMINAR - geometria e material sujeitos a verificacao de engenharia
07-023,07_Trolley/07_Trolley,Trolley_Suporte_Rolete_01_02,Trolley Suporte Rolete 01 02,1,STEEL_DARK,Aco carbono,Aco carbono; ASTM A36 como hipotese preliminar,0.98125,125000.0,PRELIMINAR - geometria e material sujeitos a verificacao de engenharia
07-024,07_Trolley/07_Trolley,Trolley_Eixo_Principal_02,Trolley Eixo Principal 02,1,GALVANIZED,Aco galvanizado,Aco carbono galvanizado; grau e camada a confirmar,1.372659,174861.047,PRELIMINAR - geometria e material sujeitos a verificacao de engenharia
07-025,07_Trolley/07_Trolley,Trolley_Porca_Eixo_02_Esq,Trolley Porca Eixo 02 Esq,1,GALVANIZED,Aco galvanizado,Aco carbono galvanizado; grau e camada a confirmar,0.125741,16018.006,PRELIMINAR - geometria e material sujeitos a verificacao de engenharia
07-026,07_Trolley/07_Trolley,Trolley_Porca_Eixo_02_Dir,Trolley Porca Eixo 02 Dir,1,GALVANIZED,Aco galvanizado,Aco carbono galvanizado; grau e camada a confirmar,0.125741,16018.006,PRELIMINAR - geometria e material sujeitos a verificacao de engenharia
07-027,07_Trolley/07_Trolley,Trolley_Polia_02_01_Aro_Canaletado,Trolley Polia 02 01 Aro Canaletado,1,SAFETY_ORANGE,Aco pintado,Aco carbono pintado; sistema epoxi a confirmar,4.469485,569361.132,PRELIMINAR - geometria e material sujeitos a verificacao de engenharia
07-028,07_Trolley/07_Trolley,Trolley_Polia_02_01_Cubo,Trolley Polia 02 01 Cubo,1,GALVANIZED,Aco galvanizado,Aco carbono galvanizado; grau e camada a confirmar,0.256828,32716.965,PRELIMINAR - geometria e material sujeitos a verificacao de engenharia
07-029,07_Trolley/07_Trolley,Trolley_Polia_02_01_Rolamento_Esq,Trolley Polia 02 01 Rolamento Esq,1,GALVANIZED,Aco galvanizado,Aco carbono galvanizado; grau e camada a confirmar,0.017509,2230.385,PRELIMINAR - geometria e material sujeitos a verificacao de engenharia
07-030,07_Trolley/07_Trolley,Trolley_Polia_02_01_Rolamento_Dir,Trolley Polia 02 01 Rolamento Dir,1,GALVANIZED,Aco galvanizado,Aco carbono galvanizado; grau e camada a confirmar,0.017509,2230.385,PRELIMINAR - geometria e material sujeitos a verificacao de engenharia
07-031,07_Trolley/07_Trolley,Trolley_Rolete_Retencao_02_01_Aro_Canaletado,Trolley Rolete Retencao 02 01 Aro Canaletado,1,GALVANIZED,Aco galvanizado,Aco carbono galvanizado; grau e camada a confirmar,0.327795,41757.319,PRELIMINAR - geometria e material sujeitos a verificacao de engenharia
07-032,07_Trolley/07_Trolley,Trolley_Rolete_Retencao_02_01_Cubo,Trolley Rolete Retencao 02 01 Cubo,1,GALVANIZED,Aco galvanizado,Aco carbono galvanizado; grau e camada a confirmar,0.006709,854.592,PRELIMINAR - geometria e material sujeitos a verificacao de engenharia
07-033,07_Trolley/07_Trolley,Trolley_Rolete_Retencao_02_01_Rolamento_Esq,Trolley Rolete Retencao 02 01 Rolamento Esq,1,GALVANIZED,Aco galvanizado,Aco carbono galvanizado; grau e camada a confirmar,0.007036,896.342,PRELIMINAR - geometria e material sujeitos a verificacao de engenharia
07-034,07_Trolley/07_Trolley,Trolley_Rolete_Retencao_02_01_Rolamento_Dir,Trolley Rolete Retencao 02 01 Rolamento Dir,1,GALVANIZED,Aco galvanizado,Aco carbono galvanizado; grau e camada a confirmar,0.007036,896.342,PRELIMINAR - geometria e material sujeitos a verificacao de engenharia
07-035,07_Trolley/07_Trolley,Trolley_Eixo_Rolete_02_01,Trolley Eixo Rolete 02 01,1,GALVANIZED,Aco galvanizado,Aco carbono galvanizado; grau e camada a confirmar,0.114799,14624.114,PRELIMINAR - geometria e material sujeitos a verificacao de engenharia
07-036,07_Trolley/07_Trolley,Trolley_Suporte_Rolete_02_01,Trolley Suporte Rolete 02 01,1,STEEL_DARK,Aco carbono,Aco carbono; ASTM A36 como hipotese preliminar,0.98125,125000.0,PRELIMINAR - geometria e material sujeitos a verificacao de engenharia
07-037,07_Trolley/07_Trolley,Trolley_Polia_02_02_Aro_Canaletado,Trolley Polia 02 02 Aro Canaletado,1,SAFETY_ORANGE,Aco pintado,Aco carbono pintado; sistema epoxi a confirmar,4.469485,569361.132,PRELIMINAR - geometria e material sujeitos a verificacao de engenharia
07-038,07_Trolley/07_Trolley,Trolley_Polia_02_02_Cubo,Trolley Polia 02 02 Cubo,1,GALVANIZED,Aco galvanizado,Aco carbono galvanizado; grau e camada a confirmar,0.256828,32716.965,PRELIMINAR - geometria e material sujeitos a verificacao de engenharia
07-039,07_Trolley/07_Trolley,Trolley_Polia_02_02_Rolamento_Esq,Trolley Polia 02 02 Rolamento Esq,1,GALVANIZED,Aco galvanizado,Aco carbono galvanizado; grau e camada a confirmar,0.017509,2230.385,PRELIMINAR - geometria e material sujeitos a verificacao de engenharia
07-040,07_Trolley/07_Trolley,Trolley_Polia_02_02_Rolamento_Dir,Trolley Polia 02 02 Rolamento Dir,1,GALVANIZED,Aco galvanizado,Aco carbono galvanizado; grau e camada a confirmar,0.017509,2230.385,PRELIMINAR - geometria e material sujeitos a verificacao de engenharia
07-041,07_Trolley/07_Trolley,Trolley_Rolete_Retencao_02_02_Aro_Canaletado,Trolley Rolete Retencao 02 02 Aro Canaletado,1,GALVANIZED,Aco galvanizado,Aco carbono galvanizado; grau e camada a confirmar,0.327795,41757.319,PRELIMINAR - geometria e material sujeitos a verificacao de engenharia
07-042,07_Trolley/07_Trolley,Trolley_Rolete_Retencao_02_02_Cubo,Trolley Rolete Retencao 02 02 Cubo,1,GALVANIZED,Aco galvanizado,Aco carbono galvanizado; grau e camada a confirmar,0.006709,854.592,PRELIMINAR - geometria e material sujeitos a verificacao de engenharia
07-043,07_Trolley/07_Trolley,Trolley_Rolete_Retencao_02_02_Rolamento_Esq,Trolley Rolete Retencao 02 02 Rolamento Esq,1,GALVANIZED,Aco galvanizado,Aco carbono galvanizado; grau e camada a confirmar,0.007036,896.342,PRELIMINAR - geometria e material sujeitos a verificacao de engenharia
07-044,07_Trolley/07_Trolley,Trolley_Rolete_Retencao_02_02_Rolamento_Dir,Trolley Rolete Retencao 02 02 Rolamento Dir,1,GALVANIZED,Aco galvanizado,Aco carbono galvanizado; grau e camada a confirmar,0.007036,896.342,PRELIMINAR - geometria e material sujeitos a verificacao de engenharia
07-045,07_Trolley/07_Trolley,Trolley_Eixo_Rolete_02_02,Trolley Eixo Rolete 02 02,1,GALVANIZED,Aco galvanizado,Aco carbono galvanizado; grau e camada a confirmar,0.114799,14624.114,PRELIMINAR - geometria e material sujeitos a verificacao de engenharia
07-046,07_Trolley/07_Trolley,Trolley_Suporte_Rolete_02_02,Trolley Suporte Rolete 02 02,1,STEEL_DARK,Aco carbono,Aco carbono; ASTM A36 como hipotese preliminar,0.98125,125000.0,PRELIMINAR - geometria e material sujeitos a verificacao de engenharia
07-047,07_Trolley/07_Trolley,Trolley_Chapa_Lateral_01,Trolley Chapa Lateral 01,1,STEEL_DARK,Aco carbono,Aco carbono; ASTM A36 como hipotese preliminar,8.645876,1101385.488,PRELIMINAR - geometria e material sujeitos a verificacao de engenharia
07-048,07_Trolley/07_Trolley,Trolley_Chapa_Lateral_02,Trolley Chapa Lateral 02,1,STEEL_DARK,Aco carbono,Aco carbono; ASTM A36 como hipotese preliminar,8.645876,1101385.488,PRELIMINAR - geometria e material sujeitos a verificacao de engenharia
07-049,07_Trolley/07_Trolley,Trolley_Travessa_01,Trolley Travessa 01,1,STEEL_DARK,Aco carbono,Aco carbono; ASTM A36 como hipotese preliminar,1.56843,199800.0,PRELIMINAR - geometria e material sujeitos a verificacao de engenharia
07-050,07_Trolley/07_Trolley,Trolley_Travessa_02,Trolley Travessa 02,1,STEEL_DARK,Aco carbono,Aco carbono; ASTM A36 como hipotese preliminar,1.56843,199800.0,PRELIMINAR - geometria e material sujeitos a verificacao de engenharia
07-051,07_Trolley/07_Trolley,Trolley_Travessa_03,Trolley Travessa 03,1,STEEL_DARK,Aco carbono,Aco carbono; ASTM A36 como hipotese preliminar,1.56843,199800.0,PRELIMINAR - geometria e material sujeitos a verificacao de engenharia
07-052,07_Trolley/07_Trolley,Trolley_Montante_Suspensao,Trolley Montante Suspensao,1,STEEL_DARK,Aco carbono,Aco carbono; ASTM A36 como hipotese preliminar,1.559952,198720.0,PRELIMINAR - geometria e material sujeitos a verificacao de engenharia
07-053,07_Trolley/07_Trolley,Trolley_Balancim_Suspensao,Trolley Balancim Suspensao,1,STEEL_DARK,Aco carbono,Aco carbono; ASTM A36 como hipotese preliminar,1.848832,235520.0,PRELIMINAR - geometria e material sujeitos a verificacao de engenharia
07-054,07_Trolley/07_Trolley,Trolley_Olhal_Tracao,Trolley Olhal Tracao,1,SAFETY_ORANGE,Aco pintado,Aco carbono pintado; sistema epoxi a confirmar,1.128155,143713.984,PRELIMINAR - geometria e material sujeitos a verificacao de engenharia
07-055,07_Trolley/07_Trolley,Trolley_Protecao_Polias,Trolley Protecao Polias,1,SAFETY_ORANGE,Aco pintado,Aco carbono pintado; sistema epoxi a confirmar,12.84888,1636800.0,PRELIMINAR - geometria e material sujeitos a verificacao de engenharia
08-001,08_Container/08_Container,Container_Montante_01,Container Montante 01,1,SAFETY_ORANGE,Aco pintado,Aco carbono pintado; sistema epoxi a confirmar,1.29525,165000.0,PRELIMINAR - geometria e material sujeitos a verificacao de engenharia
08-002,08_Container/08_Container,Container_Montante_02,Container Montante 02,1,SAFETY_ORANGE,Aco pintado,Aco carbono pintado; sistema epoxi a confirmar,1.29525,165000.0,PRELIMINAR - geometria e material sujeitos a verificacao de engenharia
08-003,08_Container/08_Container,Container_Montante_03,Container Montante 03,1,SAFETY_ORANGE,Aco pintado,Aco carbono pintado; sistema epoxi a confirmar,1.29525,165000.0,PRELIMINAR - geometria e material sujeitos a verificacao de engenharia
08-004,08_Container/08_Container,Container_Montante_04,Container Montante 04,1,SAFETY_ORANGE,Aco pintado,Aco carbono pintado; sistema epoxi a confirmar,1.29525,165000.0,PRELIMINAR - geometria e material sujeitos a verificacao de engenharia
08-005,08_Container/08_Container,Container_Travessa_Inferior_01,Container Travessa Inferior 01,1,SAFETY_ORANGE,Aco pintado,Aco carbono pintado; sistema epoxi a confirmar,1.230488,156750.0,PRELIMINAR - geometria e material sujeitos a verificacao de engenharia
08-006,08_Container/08_Container,Container_Travessa_Inferior_02,Container Travessa Inferior 02,1,SAFETY_ORANGE,Aco pintado,Aco carbono pintado; sistema epoxi a confirmar,1.230488,156750.0,PRELIMINAR - geometria e material sujeitos a verificacao de engenharia
08-007,08_Container/08_Container,Container_Travessa_Inferior_03,Container Travessa Inferior 03,1,SAFETY_ORANGE,Aco pintado,Aco carbono pintado; sistema epoxi a confirmar,1.230487,156750.0,PRELIMINAR - geometria e material sujeitos a verificacao de engenharia
08-008,08_Container/08_Container,Container_Travessa_Inferior_04,Container Travessa Inferior 04,1,SAFETY_ORANGE,Aco pintado,Aco carbono pintado; sistema epoxi a confirmar,1.230487,156750.0,PRELIMINAR - geometria e material sujeitos a verificacao de engenharia
08-009,08_Container/08_Container,Container_Travessa_Superior_05,Container Travessa Superior 05,1,SAFETY_ORANGE,Aco pintado,Aco carbono pintado; sistema epoxi a confirmar,1.230488,156750.0,PRELIMINAR - geometria e material sujeitos a verificacao de engenharia
08-010,08_Container/08_Container,Container_Travessa_Superior_06,Container Travessa Superior 06,1,SAFETY_ORANGE,Aco pintado,Aco carbono pintado; sistema epoxi a confirmar,1.230488,156750.0,PRELIMINAR - geometria e material sujeitos a verificacao de engenharia
08-011,08_Container/08_Container,Container_Travessa_Superior_07,Container Travessa Superior 07,1,SAFETY_ORANGE,Aco pintado,Aco carbono pintado; sistema epoxi a confirmar,1.230487,156750.0,PRELIMINAR - geometria e material sujeitos a verificacao de engenharia
08-012,08_Container/08_Container,Container_Travessa_Superior_08,Container Travessa Superior 08,1,SAFETY_ORANGE,Aco pintado,Aco carbono pintado; sistema epoxi a confirmar,1.230487,156750.0,PRELIMINAR - geometria e material sujeitos a verificacao de engenharia
08-013,08_Container/08_Container,Container_Ripa_Piso_01,Container Ripa Piso 01,1,STEEL_DARK,Aco carbono,Aco carbono; ASTM A36 como hipotese preliminar,0.610416,77760.0,PRELIMINAR - geometria e material sujeitos a verificacao de engenharia
08-014,08_Container/08_Container,Container_Ripa_Piso_02,Container Ripa Piso 02,1,STEEL_DARK,Aco carbono,Aco carbono; ASTM A36 como hipotese preliminar,0.610416,77760.0,PRELIMINAR - geometria e material sujeitos a verificacao de engenharia
08-015,08_Container/08_Container,Container_Ripa_Piso_03,Container Ripa Piso 03,1,STEEL_DARK,Aco carbono,Aco carbono; ASTM A36 como hipotese preliminar,0.610416,77760.0,PRELIMINAR - geometria e material sujeitos a verificacao de engenharia
08-016,08_Container/08_Container,Container_Ripa_Piso_04,Container Ripa Piso 04,1,STEEL_DARK,Aco carbono,Aco carbono; ASTM A36 como hipotese preliminar,0.610416,77760.0,PRELIMINAR - geometria e material sujeitos a verificacao de engenharia
08-017,08_Container/08_Container,Container_Ripa_Piso_05,Container Ripa Piso 05,1,STEEL_DARK,Aco carbono,Aco carbono; ASTM A36 como hipotese preliminar,0.610416,77760.0,PRELIMINAR - geometria e material sujeitos a verificacao de engenharia
08-018,08_Container/08_Container,Container_Ripa_Piso_06,Container Ripa Piso 06,1,STEEL_DARK,Aco carbono,Aco carbono; ASTM A36 como hipotese preliminar,0.610416,77760.0,PRELIMINAR - geometria e material sujeitos a verificacao de engenharia
08-019,08_Container/08_Container,Container_Porta_Travessa_Inferior,Container Porta Travessa Inferior,1,SAFETY_ORANGE,Aco pintado,Aco carbono pintado; sistema epoxi a confirmar,0.779976,99360.0,PRELIMINAR - geometria e material sujeitos a verificacao de engenharia
08-020,08_Container/08_Container,Container_Porta_Travessa_Superior,Container Porta Travessa Superior,1,SAFETY_ORANGE,Aco pintado,Aco carbono pintado; sistema epoxi a confirmar,0.779976,99360.0,PRELIMINAR - geometria e material sujeitos a verificacao de engenharia
08-021,08_Container/08_Container,Container_Porta_Montante_Esq,Container Porta Montante Esq,1,SAFETY_ORANGE,Aco pintado,Aco carbono pintado; sistema epoxi a confirmar,0.779976,99360.0,PRELIMINAR - geometria e material sujeitos a verificacao de engenharia
08-022,08_Container/08_Container,Container_Porta_Montante_Dir,Container Porta Montante Dir,1,SAFETY_ORANGE,Aco pintado,Aco carbono pintado; sistema epoxi a confirmar,0.779976,99360.0,PRELIMINAR - geometria e material sujeitos a verificacao de engenharia
08-023,08_Container/08_Container,Container_Dobradica_01,Container Dobradica 01,1,GALVANIZED,Aco galvanizado,Aco carbono galvanizado; grau e camada a confirmar,0.195319,24881.414,PRELIMINAR - geometria e material sujeitos a verificacao de engenharia
08-024,08_Container/08_Container,Container_Dobradica_02,Container Dobradica 02,1,GALVANIZED,Aco galvanizado,Aco carbono galvanizado; grau e camada a confirmar,0.195319,24881.414,PRELIMINAR - geometria e material sujeitos a verificacao de engenharia
08-025,08_Container/08_Container,Container_Fecho_Porta,Container Fecho Porta,1,GALVANIZED,Aco galvanizado,Aco carbono galvanizado; grau e camada a confirmar,0.359919,45849.556,PRELIMINAR - geometria e material sujeitos a verificacao de engenharia
08-026,08_Container/08_Container,Container_Painel_Malha_Frente,Container Painel Malha Frente,1,MESH,Malha eletrossoldada galvanizada,Tela eletrossoldada galvanizada; bitola a confirmar,1.631358,207816.354,PRELIMINAR - geometria e material sujeitos a verificacao de engenharia
08-027,08_Container/08_Container,Container_Painel_Malha_Fundo,Container Painel Malha Fundo,1,MESH,Malha eletrossoldada galvanizada,Tela eletrossoldada galvanizada; bitola a confirmar,1.631358,207816.354,PRELIMINAR - geometria e material sujeitos a verificacao de engenharia
08-028,08_Container/08_Container,Container_Painel_Malha_Esquerda,Container Painel Malha Esquerda,1,MESH,Malha eletrossoldada galvanizada,Tela eletrossoldada galvanizada; bitola a confirmar,1.631358,207816.354,PRELIMINAR - geometria e material sujeitos a verificacao de engenharia
08-029,08_Container/08_Container,Container_Painel_Malha_Direita,Container Painel Malha Direita,1,MESH,Malha eletrossoldada galvanizada,Tela eletrossoldada galvanizada; bitola a confirmar,1.631358,207816.354,PRELIMINAR - geometria e material sujeitos a verificacao de engenharia
08-030,08_Container/08_Container,Container_Pino_Pivo,Container Pino Pivo,1,STEEL_DARK,Aco carbono,Aco carbono; ASTM A36 como hipotese preliminar,5.753035,732870.734,PRELIMINAR - geometria e material sujeitos a verificacao de engenharia
08-031,08_Container/08_Container,Container_Arruela_Pivo_Esq,Container Arruela Pivo Esq,1,GALVANIZED,Aco galvanizado,Aco carbono galvanizado; grau e camada a confirmar,0.933586,118928.131,PRELIMINAR - geometria e material sujeitos a verificacao de engenharia
08-032,08_Container/08_Container,Container_Arruela_Pivo_Dir,Container Arruela Pivo Dir,1,GALVANIZED,Aco galvanizado,Aco carbono galvanizado; grau e camada a confirmar,0.933586,118928.131,PRELIMINAR - geometria e material sujeitos a verificacao de engenharia
08-033,08_Container/08_Container,Container_Tirante_Suspensao_01,Container Tirante Suspensao 01,1,STEEL_DARK,Aco carbono,Aco carbono; ASTM A36 como hipotese preliminar,0.172631,21991.149,PRELIMINAR - geometria e material sujeitos a verificacao de engenharia
08-034,08_Container/08_Container,Container_Elo_01_01,Container Elo 01 01,1,GALVANIZED,Aco galvanizado,Aco carbono galvanizado; grau e camada a confirmar,0.059618,7594.661,PRELIMINAR - geometria e material sujeitos a verificacao de engenharia
08-035,08_Container/08_Container,Container_Elo_01_02,Container Elo 01 02,1,GALVANIZED,Aco galvanizado,Aco carbono galvanizado; grau e camada a confirmar,0.059618,7594.661,PRELIMINAR - geometria e material sujeitos a verificacao de engenharia
08-036,08_Container/08_Container,Container_Elo_01_03,Container Elo 01 03,1,GALVANIZED,Aco galvanizado,Aco carbono galvanizado; grau e camada a confirmar,0.059618,7594.661,PRELIMINAR - geometria e material sujeitos a verificacao de engenharia
08-037,08_Container/08_Container,Container_Tirante_Suspensao_02,Container Tirante Suspensao 02,1,STEEL_DARK,Aco carbono,Aco carbono; ASTM A36 como hipotese preliminar,0.172631,21991.149,PRELIMINAR - geometria e material sujeitos a verificacao de engenharia
08-038,08_Container/08_Container,Container_Elo_02_01,Container Elo 02 01,1,GALVANIZED,Aco galvanizado,Aco carbono galvanizado; grau e camada a confirmar,0.059618,7594.661,PRELIMINAR - geometria e material sujeitos a verificacao de engenharia
08-039,08_Container/08_Container,Container_Elo_02_02,Container Elo 02 02,1,GALVANIZED,Aco galvanizado,Aco carbono galvanizado; grau e camada a confirmar,0.059618,7594.661,PRELIMINAR - geometria e material sujeitos a verificacao de engenharia
08-040,08_Container/08_Container,Container_Elo_02_03,Container Elo 02 03,1,GALVANIZED,Aco galvanizado,Aco carbono galvanizado; grau e camada a confirmar,0.059618,7594.661,PRELIMINAR - geometria e material sujeitos a verificacao de engenharia
08-041,08_Container/08_Container,Container_Balancim_Superior,Container Balancim Superior,1,STEEL_DARK,Aco carbono,Aco carbono; ASTM A36 como hipotese preliminar,0.90432,115200.0,PRELIMINAR - geometria e material sujeitos a verificacao de engenharia
09-001,09_Escala_Humana/09_Escala_Humana,Pessoa_01,Pessoa 01 - 1.72 m,1,HUMAN_1,Figura de escala,Somente escala visual,74.890611,74890611.13,PRELIMINAR - geometria e material sujeitos a verificacao de engenharia
09-002,09_Escala_Humana/09_Escala_Humana,Pessoa_02,Pessoa 02 - 1.62 m,1,HUMAN_2,Figura de escala,Somente escala visual,62.552383,62552383.388,PRELIMINAR - geometria e material sujeitos a verificacao de engenharia
09-003,09_Escala_Humana/09_Escala_Humana,Pessoa_03,Pessoa 03 - 1.80 m,1,HUMAN_3,Figura de escala,Somente escala visual,85.851139,85851138.706,PRELIMINAR - geometria e material sujeitos a verificacao de engenharia
